segment,sales,profit,avg_discount,loss_rate,profit_margin_pct
Consumer,1161401.345,134119.2092,0.15814101329223657,0.19321903294162973,11.548050101491834
Corporate,706146.3668,91979.134,0.15822847682119207,0.18410596026490067,13.025505521867398
Home Office,429653.1485,60298.6785,0.14712843522153674,0.17498597868760515,14.034268970334335
